{
  "project_info": {
    "project_number": "437929079105",
    "project_id": "global-pagoda-324716",
    "storage_bucket": "global-pagoda-324716.appspot.com"
  },
  "client": [
    {
      "client_info": {
        "mobilesdk_app_id": "1:437929079105:android:de0649e1e48c7374c5b1c0",
        "android_client_info": {
          "package_name": "com.example.firebaseauthentication"
        }
      },
      "oauth_client": [
        {
          "client_id": "437929079105-75978sm30v37u53bm8rinbtf3ka63m1l.apps.googleusercontent.com",
          "client_type": 3
        }
      ],
      "api_key": [
        {
          "current_key": "AIzaSyDpKXl-a2WVyq6M0rQnDOz-KLeTHzKHf68"
        }
      ],
      "services": {
        "appinvite_service": {
          "other_platform_oauth_client": [
            {
              "client_id": "437929079105-75978sm30v37u53bm8rinbtf3ka63m1l.apps.googleusercontent.com",
              "client_type": 3
            }
          ]
        }
      }
    }
  ],
  "configuration_version": "1"
}